{
    "data_folder": "data/",
    "task_name": "development",
    "train_filepath": "data/train.txt",
    "dev_filepath": "data/dev.txt",
    "test_filepath": "data/test.txt",
    "output_dir": "development",
    "result_filepath": "development.json",
    "log_filepath": "development.log",
    "lr": 3e-05,
    "min_lr": 1e-08,
    "train_bs": 8,
    "eval_bs": 8,
    "max_epochs": 1000,
    "anneal_factor": 0.5,
    "anneal_patience": 3,
    "early_stop_patience": 10,
    "optimizer": "adam",
    "seed": 52,
    "device": 0,
    "embedding_type": "bert",
    "pretrained_dir": "bert-base-uncased",
    "dropout": 0.4,
    "word_dropout": 0.05,
    "variational_dropout": 0.5,
    "augmentation": [],
    "p_power": 1.0,
    "replace_ratio": 0.3,
    "num_generated_samples": 1,
    "debug": false,
    "result": {
        "epoch-1": {
            "time": 16.70637273788452,
            "lr": 3e-05,
            "train_loss": 2.694745464324951,
            "dev_score": 0.0010087424344317419
        },
        "best_epoch": 14,
        "epoch-2": {
            "time": 11.969297885894775,
            "lr": 3e-05,
            "train_loss": 1.4830044651031493,
            "dev_score": 0.09832036050798854
        },
        "epoch-3": {
            "time": 12.343000173568726,
            "lr": 3e-05,
            "train_loss": 1.095837106704712,
            "dev_score": 0.24125132555673387
        },
        "epoch-4": {
            "time": 12.266755104064941,
            "lr": 3e-05,
            "train_loss": 0.7742788004875183,
            "dev_score": 0.29249682068673166
        },
        "epoch-5": {
            "time": 12.576473951339722,
            "lr": 3e-05,
            "train_loss": 0.6589187526702881,
            "dev_score": 0.5419125373858216
        },
        "epoch-6": {
            "time": 12.418866157531738,
            "lr": 3e-05,
            "train_loss": 0.5077930736541748,
            "dev_score": 0.5894318633293604
        },
        "epoch-7": {
            "time": 12.64940333366394,
            "lr": 3e-05,
            "train_loss": 0.44629610180854795,
            "dev_score": 0.648499594484996
        },
        "epoch-8": {
            "time": 12.053320169448853,
            "lr": 3e-05,
            "train_loss": 0.3119770562648773,
            "dev_score": 0.6642288314643263
        },
        "epoch-9": {
            "time": 11.914655685424805,
            "lr": 3e-05,
            "train_loss": 0.3217459201812744,
            "dev_score": 0.6350479786062608
        },
        "epoch-10": {
            "time": 12.465682744979858,
            "lr": 3e-05,
            "train_loss": 0.28774007558822634,
            "dev_score": 0.6819646365422397
        },
        "epoch-11": {
            "time": 12.02974557876587,
            "lr": 3e-05,
            "train_loss": 0.2697893011569977,
            "dev_score": 0.6804597701149425
        },
        "epoch-12": {
            "time": 14.25369143486023,
            "lr": 3e-05,
            "train_loss": 0.27050208032131196,
            "dev_score": 0.6893047265688014
        },
        "epoch-13": {
            "time": 15.029271364212036,
            "lr": 3e-05,
            "train_loss": 0.22562438547611235,
            "dev_score": 0.7059380175065059
        },
        "epoch-14": {
            "time": 16.24998116493225,
            "lr": 3e-05,
            "train_loss": 0.19327987849712372,
            "dev_score": 0.7277982977356672
        },
        "epoch-15": {
            "time": 13.684829235076904,
            "lr": 3e-05,
            "train_loss": 0.1941049063205719,
            "dev_score": 0.7133393309887953
        },
        "epoch-16": {
            "time": 15.318032026290894,
            "lr": 3e-05,
            "train_loss": 0.22628293633461,
            "dev_score": 0.6694064648699913
        },
        "epoch-17": {
            "time": 14.544758081436157,
            "lr": 3e-05,
            "train_loss": 0.1629116004705429,
            "dev_score": 0.6804203368876527
        },
        "epoch-18": {
            "time": 15.410040140151978,
            "lr": 1.5e-05,
            "train_loss": 0.2077546536922455,
            "dev_score": 0.7195801372628179
        },
        "epoch-19": {
            "time": 15.965336322784424,
            "lr": 1.5e-05,
            "train_loss": 0.19586446583271028,
            "dev_score": 0.7243392249067617
        },
        "epoch-20": {
            "time": 16.22291111946106,
            "lr": 1.5e-05,
            "train_loss": 0.23123876333236695,
            "dev_score": 0.7245441342585123
        },
        "epoch-21": {
            "time": 16.717947959899902,
            "lr": 1.5e-05,
            "train_loss": 0.22544170200824737,
            "dev_score": 0.7241268308385643
        },
        "epoch-22": {
            "time": 14.69743013381958,
            "lr": 7.5e-06,
            "train_loss": 0.2149051034450531,
            "dev_score": 0.7195004803073969
        },
        "epoch-23": {
            "time": 12.883108854293823,
            "lr": 7.5e-06,
            "train_loss": 0.19592541098594665,
            "dev_score": 0.7189375150012002
        },
        "epoch-24": {
            "time": 12.788922786712646,
            "lr": 7.5e-06,
            "train_loss": 0.1789030486345291,
            "dev_score": 0.7197054586201377
        },
        "dev_result": {
            "LOC": {
                "tp": 1526,
                "fp": 640,
                "fn": 311,
                "tn": 1526,
                "p": 0.7045244690674054,
                "r": 0.8307022318998367,
                "f": 0.7624281788658506
            },
            "MISC": {
                "tp": 434,
                "fp": 670,
                "fn": 488,
                "tn": 434,
                "p": 0.39311594202898553,
                "r": 0.47071583514099785,
                "f": 0.4284304047384008
            },
            "ORG": {
                "tp": 977,
                "fp": 601,
                "fn": 364,
                "tn": 977,
                "p": 0.6191381495564005,
                "r": 0.7285607755406414,
                "f": 0.6694073312778348
            },
            "PER": {
                "tp": 1595,
                "fp": 69,
                "fn": 247,
                "tn": 1595,
                "p": 0.9585336538461539,
                "r": 0.8659066232356135,
                "f": 0.9098687963491159
            },
            "overall": {
                "tp": 4532,
                "fp": 1980,
                "fn": 1410,
                "tn": 4532,
                "p": 0.6959459459459459,
                "r": 0.7627061595422416,
                "f": 0.7277982977356672
            }
        },
        "test_result": {
            "LOC": {
                "tp": 1355,
                "fp": 584,
                "fn": 313,
                "tn": 1355,
                "p": 0.6988138215575038,
                "r": 0.8123501199040767,
                "f": 0.7513168838369836
            },
            "MISC": {
                "tp": 315,
                "fp": 632,
                "fn": 387,
                "tn": 315,
                "p": 0.3326293558606125,
                "r": 0.44871794871794873,
                "f": 0.3820497271073378
            },
            "ORG": {
                "tp": 1260,
                "fp": 799,
                "fn": 401,
                "tn": 1260,
                "p": 0.611947547353084,
                "r": 0.7585791691751956,
                "f": 0.6774193548387096
            },
            "PER": {
                "tp": 1310,
                "fp": 45,
                "fn": 307,
                "tn": 1310,
                "p": 0.966789667896679,